Comunidades y Ciudades Autónomas;Situación sentimental;Tiene hijos;Intención de tener hijos;Total
Total Nacional;Total;Total;Total;11.926.861
Total Nacional;Total;Total;Tiene intención de tener hijos;2.290.661
Total Nacional;Total;Total;No tiene intención de tener hijos;9.636.200
Total Nacional;Total;Sin hijos;Total;4.815.743
Total Nacional;Total;Sin hijos;Tiene intención de tener hijos;1.419.531
Total Nacional;Total;Sin hijos;No tiene intención de tener hijos;3.396.213
Total Nacional;Total;Con hijos;Total;7.111.118
Total Nacional;Total;Con hijos;Tiene intención de tener hijos;871.130
Total Nacional;Total;Con hijos;No tiene intención de tener hijos;6.239.988
Total Nacional;Sin pareja;Total;Total;3.202.818
Total Nacional;Sin pareja;Total;Tiene intención de tener hijos;494.374
Total Nacional;Sin pareja;Total;No tiene intención de tener hijos;2.708.444
Total Nacional;Sin pareja;Sin hijos;Total;2.263.406
Total Nacional;Sin pareja;Sin hijos;Tiene intención de tener hijos;420.460
Total Nacional;Sin pareja;Sin hijos;No tiene intención de tener hijos;1.842.946
Total Nacional;Sin pareja;Con hijos;Total;939.412
Total Nacional;Sin pareja;Con hijos;Tiene intención de tener hijos;73.914
Total Nacional;Sin pareja;Con hijos;No tiene intención de tener hijos;865.498
Total Nacional;Pareja con la que convive;Total;Total;7.119.275
Total Nacional;Pareja con la que convive;Total;Tiene intención de tener hijos;1.351.038
Total Nacional;Pareja con la que convive;Total;No tiene intención de tener hijos;5.768.237
Total Nacional;Pareja con la que convive;Sin hijos;Total;1.261.533
Total Nacional;Pareja con la que convive;Sin hijos;Tiene intención de tener hijos;605.314
Total Nacional;Pareja con la que convive;Sin hijos;No tiene intención de tener hijos;656.219
Total Nacional;Pareja con la que convive;Con hijos;Total;5.857.742
Total Nacional;Pareja con la que convive;Con hijos;Tiene intención de tener hijos;745.724
Total Nacional;Pareja con la que convive;Con hijos;No tiene intención de tener hijos;5.112.018
Total Nacional;Pareja con la que no convive;Total;Total;1.604.768
Total Nacional;Pareja con la que no convive;Total;Tiene intención de tener hijos;445.249
Total Nacional;Pareja con la que no convive;Total;No tiene intención de tener hijos;1.159.519
Total Nacional;Pareja con la que no convive;Sin hijos;Total;1.290.804
Total Nacional;Pareja con la que no convive;Sin hijos;Tiene intención de tener hijos;393.757
Total Nacional;Pareja con la que no convive;Sin hijos;No tiene intención de tener hijos;897.047
Total Nacional;Pareja con la que no convive;Con hijos;Total;313.964
Total Nacional;Pareja con la que no convive;Con hijos;Tiene intención de tener hijos;51.492
Total Nacional;Pareja con la que no convive;Con hijos;No tiene intención de tener hijos;262.472
01 Andalucía;Total;Total;Total;2.192.679
01 Andalucía;Total;Total;Tiene intención de tener hijos;407.955
01 Andalucía;Total;Total;No tiene intención de tener hijos;1.784.724
01 Andalucía;Total;Sin hijos;Total;854.280
01 Andalucía;Total;Sin hijos;Tiene intención de tener hijos;249.536
01 Andalucía;Total;Sin hijos;No tiene intención de tener hijos;604.744
01 Andalucía;Total;Con hijos;Total;1.338.399
01 Andalucía;Total;Con hijos;Tiene intención de tener hijos;158.419
01 Andalucía;Total;Con hijos;No tiene intención de tener hijos;1.179.980
01 Andalucía;Sin pareja;Total;Total;569.718
01 Andalucía;Sin pareja;Total;Tiene intención de tener hijos;92.373
01 Andalucía;Sin pareja;Total;No tiene intención de tener hijos;477.345
01 Andalucía;Sin pareja;Sin hijos;Total;406.555
01 Andalucía;Sin pareja;Sin hijos;Tiene intención de tener hijos;74.981
01 Andalucía;Sin pareja;Sin hijos;No tiene intención de tener hijos;331.573
01 Andalucía;Sin pareja;Con hijos;Total;163.164
01 Andalucía;Sin pareja;Con hijos;Tiene intención de tener hijos;17.392
01 Andalucía;Sin pareja;Con hijos;No tiene intención de tener hijos;145.772
01 Andalucía;Pareja con la que convive;Total;Total;1.308.019
01 Andalucía;Pareja con la que convive;Total;Tiene intención de tener hijos;218.932
01 Andalucía;Pareja con la que convive;Total;No tiene intención de tener hijos;1.089.086
01 Andalucía;Pareja con la que convive;Sin hijos;Total;191.535
01 Andalucía;Pareja con la que convive;Sin hijos;Tiene intención de tener hijos;86.160
01 Andalucía;Pareja con la que convive;Sin hijos;No tiene intención de tener hijos;105.374
01 Andalucía;Pareja con la que convive;Con hijos;Total;1.116.484
01 Andalucía;Pareja con la que convive;Con hijos;Tiene intención de tener hijos;132.772
01 Andalucía;Pareja con la que convive;Con hijos;No tiene intención de tener hijos;983.712
01 Andalucía;Pareja con la que no convive;Total;Total;314.942
01 Andalucía;Pareja con la que no convive;Total;Tiene intención de tener hijos;96.650
01 Andalucía;Pareja con la que no convive;Total;No tiene intención de tener hijos;218.292
01 Andalucía;Pareja con la que no convive;Sin hijos;Total;256.191
01 Andalucía;Pareja con la que no convive;Sin hijos;Tiene intención de tener hijos;88.395
01 Andalucía;Pareja con la que no convive;Sin hijos;No tiene intención de tener hijos;167.796
01 Andalucía;Pareja con la que no convive;Con hijos;Total;58.751
01 Andalucía;Pareja con la que no convive;Con hijos;Tiene intención de tener hijos;8.255
01 Andalucía;Pareja con la que no convive;Con hijos;No tiene intención de tener hijos;50.496
02 Aragón;Total;Total;Total;317.547
02 Aragón;Total;Total;Tiene intención de tener hijos;52.638
02 Aragón;Total;Total;No tiene intención de tener hijos;264.909
02 Aragón;Total;Sin hijos;Total;124.774
02 Aragón;Total;Sin hijos;Tiene intención de tener hijos;30.963
02 Aragón;Total;Sin hijos;No tiene intención de tener hijos;93.811
02 Aragón;Total;Con hijos;Total;192.773
02 Aragón;Total;Con hijos;Tiene intención de tener hijos;21.675
02 Aragón;Total;Con hijos;No tiene intención de tener hijos;171.098
02 Aragón;Sin pareja;Total;Total;81.043
02 Aragón;Sin pareja;Total;Tiene intención de tener hijos;7.105
02 Aragón;Sin pareja;Total;No tiene intención de tener hijos;73.938
02 Aragón;Sin pareja;Sin hijos;Total;57.059
02 Aragón;Sin pareja;Sin hijos;Tiene intención de tener hijos;6.106
02 Aragón;Sin pareja;Sin hijos;No tiene intención de tener hijos;50.954
02 Aragón;Sin pareja;Con hijos;Total;23.984
02 Aragón;Sin pareja;Con hijos;Tiene intención de tener hijos;.
02 Aragón;Sin pareja;Con hijos;No tiene intención de tener hijos;22.984
02 Aragón;Pareja con la que convive;Total;Total;201.745
02 Aragón;Pareja con la que convive;Total;Tiene intención de tener hijos;36.983
02 Aragón;Pareja con la que convive;Total;No tiene intención de tener hijos;164.762
02 Aragón;Pareja con la que convive;Sin hijos;Total;39.821
02 Aragón;Pareja con la que convive;Sin hijos;Tiene intención de tener hijos;18.067
02 Aragón;Pareja con la que convive;Sin hijos;No tiene intención de tener hijos;21.754
02 Aragón;Pareja con la que convive;Con hijos;Total;161.924
02 Aragón;Pareja con la que convive;Con hijos;Tiene intención de tener hijos;18.916
02 Aragón;Pareja con la que convive;Con hijos;No tiene intención de tener hijos;143.008
02 Aragón;Pareja con la que no convive;Total;Total;34.759
02 Aragón;Pareja con la que no convive;Total;Tiene intención de tener hijos;8.550
02 Aragón;Pareja con la que no convive;Total;No tiene intención de tener hijos;26.209
02 Aragón;Pareja con la que no convive;Sin hijos;Total;27.894
02 Aragón;Pareja con la que no convive;Sin hijos;Tiene intención de tener hijos;6.791
02 Aragón;Pareja con la que no convive;Sin hijos;No tiene intención de tener hijos;21.103
02 Aragón;Pareja con la que no convive;Con hijos;Total;6.865
02 Aragón;Pareja con la que no convive;Con hijos;Tiene intención de tener hijos;.
02 Aragón;Pareja con la que no convive;Con hijos;No tiene intención de tener hijos;5.106
03 Asturias, Principado de;Total;Total;Total;242.600
03 Asturias, Principado de;Total;Total;Tiene intención de tener hijos;42.535
03 Asturias, Principado de;Total;Total;No tiene intención de tener hijos;200.065
03 Asturias, Principado de;Total;Sin hijos;Total;106.142
03 Asturias, Principado de;Total;Sin hijos;Tiene intención de tener hijos;27.971
03 Asturias, Principado de;Total;Sin hijos;No tiene intención de tener hijos;78.170
03 Asturias, Principado de;Total;Con hijos;Total;136.458
03 Asturias, Principado de;Total;Con hijos;Tiene intención de tener hijos;14.563
03 Asturias, Principado de;Total;Con hijos;No tiene intención de tener hijos;121.895
03 Asturias, Principado de;Sin pareja;Total;Total;59.900
03 Asturias, Principado de;Sin pareja;Total;Tiene intención de tener hijos;7.983
03 Asturias, Principado de;Sin pareja;Total;No tiene intención de tener hijos;51.917
03 Asturias, Principado de;Sin pareja;Sin hijos;Total;43.959
03 Asturias, Principado de;Sin pareja;Sin hijos;Tiene intención de tener hijos;7.510
03 Asturias, Principado de;Sin pareja;Sin hijos;No tiene intención de tener hijos;36.449
03 Asturias, Principado de;Sin pareja;Con hijos;Total;15.941
03 Asturias, Principado de;Sin pareja;Con hijos;Tiene intención de tener hijos;.
03 Asturias, Principado de;Sin pareja;Con hijos;No tiene intención de tener hijos;15.468
03 Asturias, Principado de;Pareja con la que convive;Total;Total;150.313
03 Asturias, Principado de;Pareja con la que convive;Total;Tiene intención de tener hijos;27.535
03 Asturias, Principado de;Pareja con la que convive;Total;No tiene intención de tener hijos;122.778
03 Asturias, Principado de;Pareja con la que convive;Sin hijos;Total;36.546
03 Asturias, Principado de;Pareja con la que convive;Sin hijos;Tiene intención de tener hijos;13.939
03 Asturias, Principado de;Pareja con la que convive;Sin hijos;No tiene intención de tener hijos;22.607
03 Asturias, Principado de;Pareja con la que convive;Con hijos;Total;113.767
03 Asturias, Principado de;Pareja con la que convive;Con hijos;Tiene intención de tener hijos;13.596
03 Asturias, Principado de;Pareja con la que convive;Con hijos;No tiene intención de tener hijos;100.171
03 Asturias, Principado de;Pareja con la que no convive;Total;Total;32.387
03 Asturias, Principado de;Pareja con la que no convive;Total;Tiene intención de tener hijos;7.016
03 Asturias, Principado de;Pareja con la que no convive;Total;No tiene intención de tener hijos;25.371
03 Asturias, Principado de;Pareja con la que no convive;Sin hijos;Total;25.637
03 Asturias, Principado de;Pareja con la que no convive;Sin hijos;Tiene intención de tener hijos;6.522
03 Asturias, Principado de;Pareja con la que no convive;Sin hijos;No tiene intención de tener hijos;19.115
03 Asturias, Principado de;Pareja con la que no convive;Con hijos;Total;6.750
03 Asturias, Principado de;Pareja con la que no convive;Con hijos;Tiene intención de tener hijos;.
03 Asturias, Principado de;Pareja con la que no convive;Con hijos;No tiene intención de tener hijos;6.256
04 Balears, Illes;Total;Total;Total;320.631
04 Balears, Illes;Total;Total;Tiene intención de tener hijos;66.421
04 Balears, Illes;Total;Total;No tiene intención de tener hijos;254.210
04 Balears, Illes;Total;Sin hijos;Total;123.830
04 Balears, Illes;Total;Sin hijos;Tiene intención de tener hijos;38.995
04 Balears, Illes;Total;Sin hijos;No tiene intención de tener hijos;84.835
04 Balears, Illes;Total;Con hijos;Total;196.801
04 Balears, Illes;Total;Con hijos;Tiene intención de tener hijos;27.426
04 Balears, Illes;Total;Con hijos;No tiene intención de tener hijos;169.375
04 Balears, Illes;Sin pareja;Total;Total;85.465
04 Balears, Illes;Sin pareja;Total;Tiene intención de tener hijos;15.430
04 Balears, Illes;Sin pareja;Total;No tiene intención de tener hijos;70.035
04 Balears, Illes;Sin pareja;Sin hijos;Total;54.176
04 Balears, Illes;Sin pareja;Sin hijos;Tiene intención de tener hijos;12.847
04 Balears, Illes;Sin pareja;Sin hijos;No tiene intención de tener hijos;41.329
04 Balears, Illes;Sin pareja;Con hijos;Total;31.289
04 Balears, Illes;Sin pareja;Con hijos;Tiene intención de tener hijos;2.583
04 Balears, Illes;Sin pareja;Con hijos;No tiene intención de tener hijos;28.706
04 Balears, Illes;Pareja con la que convive;Total;Total;191.789
04 Balears, Illes;Pareja con la que convive;Total;Tiene intención de tener hijos;42.170
04 Balears, Illes;Pareja con la que convive;Total;No tiene intención de tener hijos;149.619
04 Balears, Illes;Pareja con la que convive;Sin hijos;Total;36.169
04 Balears, Illes;Pareja con la que convive;Sin hijos;Tiene intención de tener hijos;19.732
04 Balears, Illes;Pareja con la que convive;Sin hijos;No tiene intención de tener hijos;16.437
04 Balears, Illes;Pareja con la que convive;Con hijos;Total;155.620
04 Balears, Illes;Pareja con la que convive;Con hijos;Tiene intención de tener hijos;22.437
04 Balears, Illes;Pareja con la que convive;Con hijos;No tiene intención de tener hijos;133.182
04 Balears, Illes;Pareja con la que no convive;Total;Total;43.376
04 Balears, Illes;Pareja con la que no convive;Total;Tiene intención de tener hijos;8.821
04 Balears, Illes;Pareja con la que no convive;Total;No tiene intención de tener hijos;34.556
04 Balears, Illes;Pareja con la que no convive;Sin hijos;Total;33.485
04 Balears, Illes;Pareja con la que no convive;Sin hijos;Tiene intención de tener hijos;6.415
04 Balears, Illes;Pareja con la que no convive;Sin hijos;No tiene intención de tener hijos;27.069
04 Balears, Illes;Pareja con la que no convive;Con hijos;Total;9.892
04 Balears, Illes;Pareja con la que no convive;Con hijos;Tiene intención de tener hijos;2.406
04 Balears, Illes;Pareja con la que no convive;Con hijos;No tiene intención de tener hijos;7.486
05 Canarias;Total;Total;Total;610.331
05 Canarias;Total;Total;Tiene intención de tener hijos;110.269
05 Canarias;Total;Total;No tiene intención de tener hijos;500.062
05 Canarias;Total;Sin hijos;Total;231.763
05 Canarias;Total;Sin hijos;Tiene intención de tener hijos;70.705
05 Canarias;Total;Sin hijos;No tiene intención de tener hijos;161.058
05 Canarias;Total;Con hijos;Total;378.568
05 Canarias;Total;Con hijos;Tiene intención de tener hijos;39.564
05 Canarias;Total;Con hijos;No tiene intención de tener hijos;339.004
05 Canarias;Sin pareja;Total;Total;175.573
05 Canarias;Sin pareja;Total;Tiene intención de tener hijos;23.882
05 Canarias;Sin pareja;Total;No tiene intención de tener hijos;151.691
05 Canarias;Sin pareja;Sin hijos;Total;111.771
05 Canarias;Sin pareja;Sin hijos;Tiene intención de tener hijos;20.151
05 Canarias;Sin pareja;Sin hijos;No tiene intención de tener hijos;91.620
05 Canarias;Sin pareja;Con hijos;Total;63.802
05 Canarias;Sin pareja;Con hijos;Tiene intención de tener hijos;3.731
05 Canarias;Sin pareja;Con hijos;No tiene intención de tener hijos;60.071
05 Canarias;Pareja con la que convive;Total;Total;356.763
05 Canarias;Pareja con la que convive;Total;Tiene intención de tener hijos;63.417
05 Canarias;Pareja con la que convive;Total;No tiene intención de tener hijos;293.346
05 Canarias;Pareja con la que convive;Sin hijos;Total;62.832
05 Canarias;Pareja con la que convive;Sin hijos;Tiene intención de tener hijos;31.556
05 Canarias;Pareja con la que convive;Sin hijos;No tiene intención de tener hijos;31.275
05 Canarias;Pareja con la que convive;Con hijos;Total;293.931
05 Canarias;Pareja con la que convive;Con hijos;Tiene intención de tener hijos;31.861
05 Canarias;Pareja con la que convive;Con hijos;No tiene intención de tener hijos;262.070
05 Canarias;Pareja con la que no convive;Total;Total;77.995
05 Canarias;Pareja con la que no convive;Total;Tiene intención de tener hijos;22.970
05 Canarias;Pareja con la que no convive;Total;No tiene intención de tener hijos;55.026
05 Canarias;Pareja con la que no convive;Sin hijos;Total;57.160
05 Canarias;Pareja con la que no convive;Sin hijos;Tiene intención de tener hijos;18.997
05 Canarias;Pareja con la que no convive;Sin hijos;No tiene intención de tener hijos;38.163
05 Canarias;Pareja con la que no convive;Con hijos;Total;20.835
05 Canarias;Pareja con la que no convive;Con hijos;Tiene intención de tener hijos;3.972
05 Canarias;Pareja con la que no convive;Con hijos;No tiene intención de tener hijos;16.863
06 Cantabria;Total;Total;Total;141.875
06 Cantabria;Total;Total;Tiene intención de tener hijos;25.382
06 Cantabria;Total;Total;No tiene intención de tener hijos;116.493
06 Cantabria;Total;Sin hijos;Total;63.009
06 Cantabria;Total;Sin hijos;Tiene intención de tener hijos;14.991
06 Cantabria;Total;Sin hijos;No tiene intención de tener hijos;48.018
06 Cantabria;Total;Con hijos;Total;78.866
06 Cantabria;Total;Con hijos;Tiene intención de tener hijos;10.391
06 Cantabria;Total;Con hijos;No tiene intención de tener hijos;68.475
06 Cantabria;Sin pareja;Total;Total;39.126
06 Cantabria;Sin pareja;Total;Tiene intención de tener hijos;4.680
06 Cantabria;Sin pareja;Total;No tiene intención de tener hijos;34.447
06 Cantabria;Sin pareja;Sin hijos;Total;29.562
06 Cantabria;Sin pareja;Sin hijos;Tiene intención de tener hijos;4.680
06 Cantabria;Sin pareja;Sin hijos;No tiene intención de tener hijos;24.883
06 Cantabria;Sin pareja;Con hijos;Total;9.564
06 Cantabria;Sin pareja;Con hijos;Tiene intención de tener hijos;.
06 Cantabria;Sin pareja;Con hijos;No tiene intención de tener hijos;9.564
06 Cantabria;Pareja con la que convive;Total;Total;82.710
06 Cantabria;Pareja con la que convive;Total;Tiene intención de tener hijos;14.850
06 Cantabria;Pareja con la que convive;Total;No tiene intención de tener hijos;67.861
06 Cantabria;Pareja con la que convive;Sin hijos;Total;16.674
06 Cantabria;Pareja con la que convive;Sin hijos;Tiene intención de tener hijos;5.537
06 Cantabria;Pareja con la que convive;Sin hijos;No tiene intención de tener hijos;11.137
06 Cantabria;Pareja con la que convive;Con hijos;Total;66.036
06 Cantabria;Pareja con la que convive;Con hijos;Tiene intención de tener hijos;9.312
06 Cantabria;Pareja con la que convive;Con hijos;No tiene intención de tener hijos;56.724
06 Cantabria;Pareja con la que no convive;Total;Total;20.039
06 Cantabria;Pareja con la que no convive;Total;Tiene intención de tener hijos;5.853
06 Cantabria;Pareja con la que no convive;Total;No tiene intención de tener hijos;14.185
06 Cantabria;Pareja con la que no convive;Sin hijos;Total;16.772
06 Cantabria;Pareja con la que no convive;Sin hijos;Tiene intención de tener hijos;4.774
06 Cantabria;Pareja con la que no convive;Sin hijos;No tiene intención de tener hijos;11.998
06 Cantabria;Pareja con la que no convive;Con hijos;Total;3.266
06 Cantabria;Pareja con la que no convive;Con hijos;Tiene intención de tener hijos;1.079
06 Cantabria;Pareja con la que no convive;Con hijos;No tiene intención de tener hijos;2.187
07 Castilla y León;Total;Total;Total;557.370
07 Castilla y León;Total;Total;Tiene intención de tener hijos;103.512
07 Castilla y León;Total;Total;No tiene intención de tener hijos;453.858
07 Castilla y León;Total;Sin hijos;Total;264.500
07 Castilla y León;Total;Sin hijos;Tiene intención de tener hijos;67.548
07 Castilla y León;Total;Sin hijos;No tiene intención de tener hijos;196.952
07 Castilla y León;Total;Con hijos;Total;292.870
07 Castilla y León;Total;Con hijos;Tiene intención de tener hijos;35.964
07 Castilla y León;Total;Con hijos;No tiene intención de tener hijos;256.905
07 Castilla y León;Sin pareja;Total;Total;164.181
07 Castilla y León;Sin pareja;Total;Tiene intención de tener hijos;18.380
07 Castilla y León;Sin pareja;Total;No tiene intención de tener hijos;145.801
07 Castilla y León;Sin pareja;Sin hijos;Total;137.130
07 Castilla y León;Sin pareja;Sin hijos;Tiene intención de tener hijos;18.380
07 Castilla y León;Sin pareja;Sin hijos;No tiene intención de tener hijos;118.750
07 Castilla y León;Sin pareja;Con hijos;Total;27.051
07 Castilla y León;Sin pareja;Con hijos;Tiene intención de tener hijos;.
07 Castilla y León;Sin pareja;Con hijos;No tiene intención de tener hijos;27.051
07 Castilla y León;Pareja con la que convive;Total;Total;315.842
07 Castilla y León;Pareja con la que convive;Total;Tiene intención de tener hijos;57.951
07 Castilla y León;Pareja con la que convive;Total;No tiene intención de tener hijos;257.891
07 Castilla y León;Pareja con la que convive;Sin hijos;Total;61.961
07 Castilla y León;Pareja con la que convive;Sin hijos;Tiene intención de tener hijos;24.406
07 Castilla y León;Pareja con la que convive;Sin hijos;No tiene intención de tener hijos;37.555
07 Castilla y León;Pareja con la que convive;Con hijos;Total;253.881
07 Castilla y León;Pareja con la que convive;Con hijos;Tiene intención de tener hijos;33.545
07 Castilla y León;Pareja con la que convive;Con hijos;No tiene intención de tener hijos;220.336
07 Castilla y León;Pareja con la que no convive;Total;Total;77.347
07 Castilla y León;Pareja con la que no convive;Total;Tiene intención de tener hijos;27.181
07 Castilla y León;Pareja con la que no convive;Total;No tiene intención de tener hijos;50.166
07 Castilla y León;Pareja con la que no convive;Sin hijos;Total;65.409
07 Castilla y León;Pareja con la que no convive;Sin hijos;Tiene intención de tener hijos;24.762
07 Castilla y León;Pareja con la que no convive;Sin hijos;No tiene intención de tener hijos;40.647
07 Castilla y León;Pareja con la que no convive;Con hijos;Total;11.938
07 Castilla y León;Pareja con la que no convive;Con hijos;Tiene intención de tener hijos;.
07 Castilla y León;Pareja con la que no convive;Con hijos;No tiene intención de tener hijos;9.518
08 Castilla - La Mancha;Total;Total;Total;508.634
08 Castilla - La Mancha;Total;Total;Tiene intención de tener hijos;98.233
08 Castilla - La Mancha;Total;Total;No tiene intención de tener hijos;410.401
08 Castilla - La Mancha;Total;Sin hijos;Total;193.423
08 Castilla - La Mancha;Total;Sin hijos;Tiene intención de tener hijos;61.354
08 Castilla - La Mancha;Total;Sin hijos;No tiene intención de tener hijos;132.068
08 Castilla - La Mancha;Total;Con hijos;Total;315.211
08 Castilla - La Mancha;Total;Con hijos;Tiene intención de tener hijos;36.879
08 Castilla - La Mancha;Total;Con hijos;No tiene intención de tener hijos;278.333
08 Castilla - La Mancha;Sin pareja;Total;Total;134.106
08 Castilla - La Mancha;Sin pareja;Total;Tiene intención de tener hijos;26.022
08 Castilla - La Mancha;Sin pareja;Total;No tiene intención de tener hijos;108.084
08 Castilla - La Mancha;Sin pareja;Sin hijos;Total;94.459
08 Castilla - La Mancha;Sin pareja;Sin hijos;Tiene intención de tener hijos;20.179
08 Castilla - La Mancha;Sin pareja;Sin hijos;No tiene intención de tener hijos;74.280
08 Castilla - La Mancha;Sin pareja;Con hijos;Total;39.647
08 Castilla - La Mancha;Sin pareja;Con hijos;Tiene intención de tener hijos;5.843
08 Castilla - La Mancha;Sin pareja;Con hijos;No tiene intención de tener hijos;33.804
08 Castilla - La Mancha;Pareja con la que convive;Total;Total;302.471
08 Castilla - La Mancha;Pareja con la que convive;Total;Tiene intención de tener hijos;49.699
08 Castilla - La Mancha;Pareja con la que convive;Total;No tiene intención de tener hijos;252.772
08 Castilla - La Mancha;Pareja con la que convive;Sin hijos;Total;38.889
08 Castilla - La Mancha;Pareja con la que convive;Sin hijos;Tiene intención de tener hijos;20.689
08 Castilla - La Mancha;Pareja con la que convive;Sin hijos;No tiene intención de tener hijos;18.200
08 Castilla - La Mancha;Pareja con la que convive;Con hijos;Total;263.581
08 Castilla - La Mancha;Pareja con la que convive;Con hijos;Tiene intención de tener hijos;29.010
08 Castilla - La Mancha;Pareja con la que convive;Con hijos;No tiene intención de tener hijos;234.571
08 Castilla - La Mancha;Pareja con la que no convive;Total;Total;72.057
08 Castilla - La Mancha;Pareja con la que no convive;Total;Tiene intención de tener hijos;22.512
08 Castilla - La Mancha;Pareja con la que no convive;Total;No tiene intención de tener hijos;49.545
08 Castilla - La Mancha;Pareja con la que no convive;Sin hijos;Total;60.074
08 Castilla - La Mancha;Pareja con la que no convive;Sin hijos;Tiene intención de tener hijos;20.486
08 Castilla - La Mancha;Pareja con la que no convive;Sin hijos;No tiene intención de tener hijos;39.588
08 Castilla - La Mancha;Pareja con la que no convive;Con hijos;Total;11.983
08 Castilla - La Mancha;Pareja con la que no convive;Con hijos;Tiene intención de tener hijos;2.026
08 Castilla - La Mancha;Pareja con la que no convive;Con hijos;No tiene intención de tener hijos;9.957
09 Cataluña;Total;Total;Total;1.916.659
09 Cataluña;Total;Total;Tiene intención de tener hijos;397.800
09 Cataluña;Total;Total;No tiene intención de tener hijos;1.518.859
09 Cataluña;Total;Sin hijos;Total;771.324
09 Cataluña;Total;Sin hijos;Tiene intención de tener hijos;254.462
09 Cataluña;Total;Sin hijos;No tiene intención de tener hijos;516.862
09 Cataluña;Total;Con hijos;Total;1.145.335
09 Cataluña;Total;Con hijos;Tiene intención de tener hijos;143.338
09 Cataluña;Total;Con hijos;No tiene intención de tener hijos;1.001.998
09 Cataluña;Sin pareja;Total;Total;524.068
09 Cataluña;Sin pareja;Total;Tiene intención de tener hijos;73.662
09 Cataluña;Sin pareja;Total;No tiene intención de tener hijos;450.407
09 Cataluña;Sin pareja;Sin hijos;Total;367.998
09 Cataluña;Sin pareja;Sin hijos;Tiene intención de tener hijos;72.172
09 Cataluña;Sin pareja;Sin hijos;No tiene intención de tener hijos;295.826
09 Cataluña;Sin pareja;Con hijos;Total;156.070
09 Cataluña;Sin pareja;Con hijos;Tiene intención de tener hijos;.
09 Cataluña;Sin pareja;Con hijos;No tiene intención de tener hijos;154.581
09 Cataluña;Pareja con la que convive;Total;Total;1.188.418
09 Cataluña;Pareja con la que convive;Total;Tiene intención de tener hijos;262.811
09 Cataluña;Pareja con la que convive;Total;No tiene intención de tener hijos;925.607
09 Cataluña;Pareja con la que convive;Sin hijos;Total;238.072
09 Cataluña;Pareja con la que convive;Sin hijos;Tiene intención de tener hijos;128.789
09 Cataluña;Pareja con la que convive;Sin hijos;No tiene intención de tener hijos;109.283
09 Cataluña;Pareja con la que convive;Con hijos;Total;950.346
09 Cataluña;Pareja con la que convive;Con hijos;Tiene intención de tener hijos;134.022
09 Cataluña;Pareja con la que convive;Con hijos;No tiene intención de tener hijos;816.324
09 Cataluña;Pareja con la que no convive;Total;Total;204.172
09 Cataluña;Pareja con la que no convive;Total;Tiene intención de tener hijos;61.327
09 Cataluña;Pareja con la que no convive;Total;No tiene intención de tener hijos;142.845
09 Cataluña;Pareja con la que no convive;Sin hijos;Total;165.254
09 Cataluña;Pareja con la que no convive;Sin hijos;Tiene intención de tener hijos;53.501
09 Cataluña;Pareja con la que no convive;Sin hijos;No tiene intención de tener hijos;111.752
09 Cataluña;Pareja con la que no convive;Con hijos;Total;38.919
09 Cataluña;Pareja con la que no convive;Con hijos;Tiene intención de tener hijos;7.826
09 Cataluña;Pareja con la que no convive;Con hijos;No tiene intención de tener hijos;31.093
10 Comunitat Valenciana;Total;Total;Total;1.250.794
10 Comunitat Valenciana;Total;Total;Tiene intención de tener hijos;243.530
10 Comunitat Valenciana;Total;Total;No tiene intención de tener hijos;1.007.264
10 Comunitat Valenciana;Total;Sin hijos;Total;475.961
10 Comunitat Valenciana;Total;Sin hijos;Tiene intención de tener hijos;147.511
10 Comunitat Valenciana;Total;Sin hijos;No tiene intención de tener hijos;328.449
10 Comunitat Valenciana;Total;Con hijos;Total;774.833
10 Comunitat Valenciana;Total;Con hijos;Tiene intención de tener hijos;96.019
10 Comunitat Valenciana;Total;Con hijos;No tiene intención de tener hijos;678.814
10 Comunitat Valenciana;Sin pareja;Total;Total;286.005
10 Comunitat Valenciana;Sin pareja;Total;Tiene intención de tener hijos;46.295
10 Comunitat Valenciana;Sin pareja;Total;No tiene intención de tener hijos;239.710
10 Comunitat Valenciana;Sin pareja;Sin hijos;Total;203.037
10 Comunitat Valenciana;Sin pareja;Sin hijos;Tiene intención de tener hijos;38.510
10 Comunitat Valenciana;Sin pareja;Sin hijos;No tiene intención de tener hijos;164.527
10 Comunitat Valenciana;Sin pareja;Con hijos;Total;82.968
10 Comunitat Valenciana;Sin pareja;Con hijos;Tiene intención de tener hijos;7.786
10 Comunitat Valenciana;Sin pareja;Con hijos;No tiene intención de tener hijos;75.183
10 Comunitat Valenciana;Pareja con la que convive;Total;Total;775.671
10 Comunitat Valenciana;Pareja con la que convive;Total;Tiene intención de tener hijos;148.550
10 Comunitat Valenciana;Pareja con la que convive;Total;No tiene intención de tener hijos;627.121
10 Comunitat Valenciana;Pareja con la que convive;Sin hijos;Total;123.536
10 Comunitat Valenciana;Pareja con la que convive;Sin hijos;Tiene intención de tener hijos;64.281
10 Comunitat Valenciana;Pareja con la que convive;Sin hijos;No tiene intención de tener hijos;59.254
10 Comunitat Valenciana;Pareja con la que convive;Con hijos;Total;652.135
10 Comunitat Valenciana;Pareja con la que convive;Con hijos;Tiene intención de tener hijos;84.269
10 Comunitat Valenciana;Pareja con la que convive;Con hijos;No tiene intención de tener hijos;567.866
10 Comunitat Valenciana;Pareja con la que no convive;Total;Total;189.118
10 Comunitat Valenciana;Pareja con la que no convive;Total;Tiene intención de tener hijos;48.685
10 Comunitat Valenciana;Pareja con la que no convive;Total;No tiene intención de tener hijos;140.433
10 Comunitat Valenciana;Pareja con la que no convive;Sin hijos;Total;149.388
10 Comunitat Valenciana;Pareja con la que no convive;Sin hijos;Tiene intención de tener hijos;44.720
10 Comunitat Valenciana;Pareja con la que no convive;Sin hijos;No tiene intención de tener hijos;104.668
10 Comunitat Valenciana;Pareja con la que no convive;Con hijos;Total;39.729
10 Comunitat Valenciana;Pareja con la que no convive;Con hijos;Tiene intención de tener hijos;3.964
10 Comunitat Valenciana;Pareja con la que no convive;Con hijos;No tiene intención de tener hijos;35.765
11 Extremadura;Total;Total;Total;265.164
11 Extremadura;Total;Total;Tiene intención de tener hijos;45.833
11 Extremadura;Total;Total;No tiene intención de tener hijos;219.331
11 Extremadura;Total;Sin hijos;Total;103.148
11 Extremadura;Total;Sin hijos;Tiene intención de tener hijos;23.757
11 Extremadura;Total;Sin hijos;No tiene intención de tener hijos;79.391
11 Extremadura;Total;Con hijos;Total;162.016
11 Extremadura;Total;Con hijos;Tiene intención de tener hijos;22.076
11 Extremadura;Total;Con hijos;No tiene intención de tener hijos;139.940
11 Extremadura;Sin pareja;Total;Total;56.249
11 Extremadura;Sin pareja;Total;Tiene intención de tener hijos;6.991
11 Extremadura;Sin pareja;Total;No tiene intención de tener hijos;49.257
11 Extremadura;Sin pareja;Sin hijos;Total;42.569
11 Extremadura;Sin pareja;Sin hijos;Tiene intención de tener hijos;6.038
11 Extremadura;Sin pareja;Sin hijos;No tiene intención de tener hijos;36.531
11 Extremadura;Sin pareja;Con hijos;Total;13.680
11 Extremadura;Sin pareja;Con hijos;Tiene intención de tener hijos;.
11 Extremadura;Sin pareja;Con hijos;No tiene intención de tener hijos;12.726
11 Extremadura;Pareja con la que convive;Total;Total;171.416
11 Extremadura;Pareja con la que convive;Total;Tiene intención de tener hijos;27.412
11 Extremadura;Pareja con la que convive;Total;No tiene intención de tener hijos;144.004
11 Extremadura;Pareja con la que convive;Sin hijos;Total;26.624
11 Extremadura;Pareja con la que convive;Sin hijos;Tiene intención de tener hijos;7.786
11 Extremadura;Pareja con la que convive;Sin hijos;No tiene intención de tener hijos;18.837
11 Extremadura;Pareja con la que convive;Con hijos;Total;144.792
11 Extremadura;Pareja con la que convive;Con hijos;Tiene intención de tener hijos;19.626
11 Extremadura;Pareja con la que convive;Con hijos;No tiene intención de tener hijos;125.167
11 Extremadura;Pareja con la que no convive;Total;Total;37.499
11 Extremadura;Pareja con la que no convive;Total;Tiene intención de tener hijos;11.429
11 Extremadura;Pareja con la que no convive;Total;No tiene intención de tener hijos;26.070
11 Extremadura;Pareja con la que no convive;Sin hijos;Total;33.955
11 Extremadura;Pareja con la que no convive;Sin hijos;Tiene intención de tener hijos;9.933
11 Extremadura;Pareja con la que no convive;Sin hijos;No tiene intención de tener hijos;24.022
11 Extremadura;Pareja con la que no convive;Con hijos;Total;3.544
11 Extremadura;Pareja con la que no convive;Con hijos;Tiene intención de tener hijos;1.497
11 Extremadura;Pareja con la que no convive;Con hijos;No tiene intención de tener hijos;2.047
12 Galicia;Total;Total;Total;651.612
12 Galicia;Total;Total;Tiene intención de tener hijos;108.856
12 Galicia;Total;Total;No tiene intención de tener hijos;542.756
12 Galicia;Total;Sin hijos;Total;274.918
12 Galicia;Total;Sin hijos;Tiene intención de tener hijos;68.058
12 Galicia;Total;Sin hijos;No tiene intención de tener hijos;206.860
12 Galicia;Total;Con hijos;Total;376.694
12 Galicia;Total;Con hijos;Tiene intención de tener hijos;40.798
12 Galicia;Total;Con hijos;No tiene intención de tener hijos;335.895
12 Galicia;Sin pareja;Total;Total;180.959
12 Galicia;Sin pareja;Total;Tiene intención de tener hijos;26.205
12 Galicia;Sin pareja;Total;No tiene intención de tener hijos;154.754
12 Galicia;Sin pareja;Sin hijos;Total;133.464
12 Galicia;Sin pareja;Sin hijos;Tiene intención de tener hijos;22.222
12 Galicia;Sin pareja;Sin hijos;No tiene intención de tener hijos;111.242
12 Galicia;Sin pareja;Con hijos;Total;47.495
12 Galicia;Sin pareja;Con hijos;Tiene intención de tener hijos;3.983
12 Galicia;Sin pareja;Con hijos;No tiene intención de tener hijos;43.512
12 Galicia;Pareja con la que convive;Total;Total;387.678
12 Galicia;Pareja con la que convive;Total;Tiene intención de tener hijos;58.682
12 Galicia;Pareja con la que convive;Total;No tiene intención de tener hijos;328.996
12 Galicia;Pareja con la que convive;Sin hijos;Total;74.236
12 Galicia;Pareja con la que convive;Sin hijos;Tiene intención de tener hijos;23.833
12 Galicia;Pareja con la que convive;Sin hijos;No tiene intención de tener hijos;50.404
12 Galicia;Pareja con la que convive;Con hijos;Total;313.442
12 Galicia;Pareja con la que convive;Con hijos;Tiene intención de tener hijos;34.849
12 Galicia;Pareja con la que convive;Con hijos;No tiene intención de tener hijos;278.593
12 Galicia;Pareja con la que no convive;Total;Total;82.975
12 Galicia;Pareja con la que no convive;Total;Tiene intención de tener hijos;23.969
12 Galicia;Pareja con la que no convive;Total;No tiene intención de tener hijos;59.005
12 Galicia;Pareja con la que no convive;Sin hijos;Total;67.218
12 Galicia;Pareja con la que no convive;Sin hijos;Tiene intención de tener hijos;22.004
12 Galicia;Pareja con la que no convive;Sin hijos;No tiene intención de tener hijos;45.215
12 Galicia;Pareja con la que no convive;Con hijos;Total;15.756
12 Galicia;Pareja con la que no convive;Con hijos;Tiene intención de tener hijos;1.966
12 Galicia;Pareja con la que no convive;Con hijos;No tiene intención de tener hijos;13.791
13 Madrid, Comunidad de;Total;Total;Total;1.766.201
13 Madrid, Comunidad de;Total;Total;Tiene intención de tener hijos;359.067
13 Madrid, Comunidad de;Total;Total;No tiene intención de tener hijos;1.407.134
13 Madrid, Comunidad de;Total;Sin hijos;Total;756.662
13 Madrid, Comunidad de;Total;Sin hijos;Tiene intención de tener hijos;229.775
13 Madrid, Comunidad de;Total;Sin hijos;No tiene intención de tener hijos;526.887
13 Madrid, Comunidad de;Total;Con hijos;Total;1.009.539
13 Madrid, Comunidad de;Total;Con hijos;Tiene intención de tener hijos;129.291
13 Madrid, Comunidad de;Total;Con hijos;No tiene intención de tener hijos;880.248
13 Madrid, Comunidad de;Sin pareja;Total;Total;523.275
13 Madrid, Comunidad de;Sin pareja;Total;Tiene intención de tener hijos;94.577
13 Madrid, Comunidad de;Sin pareja;Total;No tiene intención de tener hijos;428.698
13 Madrid, Comunidad de;Sin pareja;Sin hijos;Total;353.978
13 Madrid, Comunidad de;Sin pareja;Sin hijos;Tiene intención de tener hijos;72.781
13 Madrid, Comunidad de;Sin pareja;Sin hijos;No tiene intención de tener hijos;281.197
13 Madrid, Comunidad de;Sin pareja;Con hijos;Total;169.297
13 Madrid, Comunidad de;Sin pareja;Con hijos;Tiene intención de tener hijos;21.796
13 Madrid, Comunidad de;Sin pareja;Con hijos;No tiene intención de tener hijos;147.501
13 Madrid, Comunidad de;Pareja con la que convive;Total;Total;985.366
13 Madrid, Comunidad de;Pareja con la que convive;Total;Tiene intención de tener hijos;207.481
13 Madrid, Comunidad de;Pareja con la que convive;Total;No tiene intención de tener hijos;777.886
13 Madrid, Comunidad de;Pareja con la que convive;Sin hijos;Total;198.325
13 Madrid, Comunidad de;Pareja con la que convive;Sin hijos;Tiene intención de tener hijos;106.909
13 Madrid, Comunidad de;Pareja con la que convive;Sin hijos;No tiene intención de tener hijos;91.415
13 Madrid, Comunidad de;Pareja con la que convive;Con hijos;Total;787.042
13 Madrid, Comunidad de;Pareja con la que convive;Con hijos;Tiene intención de tener hijos;100.572
13 Madrid, Comunidad de;Pareja con la que convive;Con hijos;No tiene intención de tener hijos;686.470
13 Madrid, Comunidad de;Pareja con la que no convive;Total;Total;257.560
13 Madrid, Comunidad de;Pareja con la que no convive;Total;Tiene intención de tener hijos;57.009
13 Madrid, Comunidad de;Pareja con la que no convive;Total;No tiene intención de tener hijos;200.551
13 Madrid, Comunidad de;Pareja con la que no convive;Sin hijos;Total;204.359
13 Madrid, Comunidad de;Pareja con la que no convive;Sin hijos;Tiene intención de tener hijos;50.085
13 Madrid, Comunidad de;Pareja con la que no convive;Sin hijos;No tiene intención de tener hijos;154.274
13 Madrid, Comunidad de;Pareja con la que no convive;Con hijos;Total;53.200
13 Madrid, Comunidad de;Pareja con la que no convive;Con hijos;Tiene intención de tener hijos;6.924
13 Madrid, Comunidad de;Pareja con la que no convive;Con hijos;No tiene intención de tener hijos;46.276
14 Murcia, Región de;Total;Total;Total;384.453
14 Murcia, Región de;Total;Total;Tiene intención de tener hijos;76.383
14 Murcia, Región de;Total;Total;No tiene intención de tener hijos;308.070
14 Murcia, Región de;Total;Sin hijos;Total;131.165
14 Murcia, Región de;Total;Sin hijos;Tiene intención de tener hijos;40.656
14 Murcia, Región de;Total;Sin hijos;No tiene intención de tener hijos;90.509
14 Murcia, Región de;Total;Con hijos;Total;253.288
14 Murcia, Región de;Total;Con hijos;Tiene intención de tener hijos;35.728
14 Murcia, Región de;Total;Con hijos;No tiene intención de tener hijos;217.561
14 Murcia, Región de;Sin pareja;Total;Total;101.379
14 Murcia, Región de;Sin pareja;Total;Tiene intención de tener hijos;18.077
14 Murcia, Región de;Sin pareja;Total;No tiene intención de tener hijos;83.302
14 Murcia, Región de;Sin pareja;Sin hijos;Total;67.774
14 Murcia, Región de;Sin pareja;Sin hijos;Tiene intención de tener hijos;15.662
14 Murcia, Región de;Sin pareja;Sin hijos;No tiene intención de tener hijos;52.112
14 Murcia, Región de;Sin pareja;Con hijos;Total;33.604
14 Murcia, Región de;Sin pareja;Con hijos;Tiene intención de tener hijos;2.414
14 Murcia, Región de;Sin pareja;Con hijos;No tiene intención de tener hijos;31.190
14 Murcia, Región de;Pareja con la que convive;Total;Total;241.293
14 Murcia, Región de;Pareja con la que convive;Total;Tiene intención de tener hijos;48.490
14 Murcia, Región de;Pareja con la que convive;Total;No tiene intención de tener hijos;192.802
14 Murcia, Región de;Pareja con la que convive;Sin hijos;Total;27.937
14 Murcia, Región de;Pareja con la que convive;Sin hijos;Tiene intención de tener hijos;16.249
14 Murcia, Región de;Pareja con la que convive;Sin hijos;No tiene intención de tener hijos;11.688
14 Murcia, Región de;Pareja con la que convive;Con hijos;Total;213.356
14 Murcia, Región de;Pareja con la que convive;Con hijos;Tiene intención de tener hijos;32.242
14 Murcia, Región de;Pareja con la que convive;Con hijos;No tiene intención de tener hijos;181.114
14 Murcia, Región de;Pareja con la que no convive;Total;Total;41.782
14 Murcia, Región de;Pareja con la que no convive;Total;Tiene intención de tener hijos;9.816
14 Murcia, Región de;Pareja con la que no convive;Total;No tiene intención de tener hijos;31.966
14 Murcia, Región de;Pareja con la que no convive;Sin hijos;Total;35.454
14 Murcia, Región de;Pareja con la que no convive;Sin hijos;Tiene intención de tener hijos;8.745
14 Murcia, Región de;Pareja con la que no convive;Sin hijos;No tiene intención de tener hijos;26.709
14 Murcia, Región de;Pareja con la que no convive;Con hijos;Total;6.328
14 Murcia, Región de;Pareja con la que no convive;Con hijos;Tiene intención de tener hijos;.
14 Murcia, Región de;Pareja con la que no convive;Con hijos;No tiene intención de tener hijos;5.257
15 Navarra, Comunidad Foral de;Total;Total;Total;159.565
15 Navarra, Comunidad Foral de;Total;Total;Tiene intención de tener hijos;33.939
15 Navarra, Comunidad Foral de;Total;Total;No tiene intención de tener hijos;125.626
15 Navarra, Comunidad Foral de;Total;Sin hijos;Total;65.960
15 Navarra, Comunidad Foral de;Total;Sin hijos;Tiene intención de tener hijos;20.928
15 Navarra, Comunidad Foral de;Total;Sin hijos;No tiene intención de tener hijos;45.031
15 Navarra, Comunidad Foral de;Total;Con hijos;Total;93.605
15 Navarra, Comunidad Foral de;Total;Con hijos;Tiene intención de tener hijos;13.011
15 Navarra, Comunidad Foral de;Total;Con hijos;No tiene intención de tener hijos;80.594
15 Navarra, Comunidad Foral de;Sin pareja;Total;Total;44.305
15 Navarra, Comunidad Foral de;Sin pareja;Total;Tiene intención de tener hijos;6.852
15 Navarra, Comunidad Foral de;Sin pareja;Total;No tiene intención de tener hijos;37.453
15 Navarra, Comunidad Foral de;Sin pareja;Sin hijos;Total;33.913
15 Navarra, Comunidad Foral de;Sin pareja;Sin hijos;Tiene intención de tener hijos;6.257
15 Navarra, Comunidad Foral de;Sin pareja;Sin hijos;No tiene intención de tener hijos;27.656
15 Navarra, Comunidad Foral de;Sin pareja;Con hijos;Total;10.392
15 Navarra, Comunidad Foral de;Sin pareja;Con hijos;Tiene intención de tener hijos;595
15 Navarra, Comunidad Foral de;Sin pareja;Con hijos;No tiene intención de tener hijos;9.797
15 Navarra, Comunidad Foral de;Pareja con la que convive;Total;Total;95.446
15 Navarra, Comunidad Foral de;Pareja con la que convive;Total;Tiene intención de tener hijos;21.109
15 Navarra, Comunidad Foral de;Pareja con la que convive;Total;No tiene intención de tener hijos;74.337
15 Navarra, Comunidad Foral de;Pareja con la que convive;Sin hijos;Total;15.842
15 Navarra, Comunidad Foral de;Pareja con la que convive;Sin hijos;Tiene intención de tener hijos;8.982
15 Navarra, Comunidad Foral de;Pareja con la que convive;Sin hijos;No tiene intención de tener hijos;6.860
15 Navarra, Comunidad Foral de;Pareja con la que convive;Con hijos;Total;79.605
15 Navarra, Comunidad Foral de;Pareja con la que convive;Con hijos;Tiene intención de tener hijos;12.127
15 Navarra, Comunidad Foral de;Pareja con la que convive;Con hijos;No tiene intención de tener hijos;67.478
15 Navarra, Comunidad Foral de;Pareja con la que no convive;Total;Total;19.814
15 Navarra, Comunidad Foral de;Pareja con la que no convive;Total;Tiene intención de tener hijos;5.978
15 Navarra, Comunidad Foral de;Pareja con la que no convive;Total;No tiene intención de tener hijos;13.836
15 Navarra, Comunidad Foral de;Pareja con la que no convive;Sin hijos;Total;16.206
15 Navarra, Comunidad Foral de;Pareja con la que no convive;Sin hijos;Tiene intención de tener hijos;5.689
15 Navarra, Comunidad Foral de;Pareja con la que no convive;Sin hijos;No tiene intención de tener hijos;10.516
15 Navarra, Comunidad Foral de;Pareja con la que no convive;Con hijos;Total;3.608
15 Navarra, Comunidad Foral de;Pareja con la que no convive;Con hijos;Tiene intención de tener hijos;.
15 Navarra, Comunidad Foral de;Pareja con la que no convive;Con hijos;No tiene intención de tener hijos;3.320
16 País Vasco;Total;Total;Total;520.632
16 País Vasco;Total;Total;Tiene intención de tener hijos;94.067
16 País Vasco;Total;Total;No tiene intención de tener hijos;426.565
16 País Vasco;Total;Sin hijos;Total;226.709
16 País Vasco;Total;Sin hijos;Tiene intención de tener hijos;59.069
16 País Vasco;Total;Sin hijos;No tiene intención de tener hijos;167.640
16 País Vasco;Total;Con hijos;Total;293.923
16 País Vasco;Total;Con hijos;Tiene intención de tener hijos;34.998
16 País Vasco;Total;Con hijos;No tiene intención de tener hijos;258.925
16 País Vasco;Sin pareja;Total;Total;143.702
16 País Vasco;Sin pareja;Total;Tiene intención de tener hijos;19.549
16 País Vasco;Sin pareja;Total;No tiene intención de tener hijos;124.153
16 País Vasco;Sin pareja;Sin hijos;Total;100.373
16 País Vasco;Sin pareja;Sin hijos;Tiene intención de tener hijos;16.950
16 País Vasco;Sin pareja;Sin hijos;No tiene intención de tener hijos;83.422
16 País Vasco;Sin pareja;Con hijos;Total;43.330
16 País Vasco;Sin pareja;Con hijos;Tiene intención de tener hijos;2.599
16 País Vasco;Sin pareja;Con hijos;No tiene intención de tener hijos;40.731
16 País Vasco;Pareja con la que convive;Total;Total;294.172
16 País Vasco;Pareja con la que convive;Total;Tiene intención de tener hijos;51.608
16 País Vasco;Pareja con la que convive;Total;No tiene intención de tener hijos;242.564
16 País Vasco;Pareja con la que convive;Sin hijos;Total;62.010
16 País Vasco;Pareja con la que convive;Sin hijos;Tiene intención de tener hijos;23.894
16 País Vasco;Pareja con la que convive;Sin hijos;No tiene intención de tener hijos;38.117
16 País Vasco;Pareja con la que convive;Con hijos;Total;232.162
16 País Vasco;Pareja con la que convive;Con hijos;Tiene intención de tener hijos;27.714
16 País Vasco;Pareja con la que convive;Con hijos;No tiene intención de tener hijos;204.447
16 País Vasco;Pareja con la que no convive;Total;Total;82.758
16 País Vasco;Pareja con la que no convive;Total;Tiene intención de tener hijos;22.910
16 País Vasco;Pareja con la que no convive;Total;No tiene intención de tener hijos;59.848
16 País Vasco;Pareja con la que no convive;Sin hijos;Total;64.326
16 País Vasco;Pareja con la que no convive;Sin hijos;Tiene intención de tener hijos;18.225
16 País Vasco;Pareja con la que no convive;Sin hijos;No tiene intención de tener hijos;46.102
16 País Vasco;Pareja con la que no convive;Con hijos;Total;18.432
16 País Vasco;Pareja con la que no convive;Con hijos;Tiene intención de tener hijos;4.685
16 País Vasco;Pareja con la que no convive;Con hijos;No tiene intención de tener hijos;13.746
17 Rioja, La;Total;Total;Total;76.739
17 Rioja, La;Total;Total;Tiene intención de tener hijos;16.110
17 Rioja, La;Total;Total;No tiene intención de tener hijos;60.629
17 Rioja, La;Total;Sin hijos;Total;32.186
17 Rioja, La;Total;Sin hijos;Tiene intención de tener hijos;8.739
17 Rioja, La;Total;Sin hijos;No tiene intención de tener hijos;23.446
17 Rioja, La;Total;Con hijos;Total;44.553
17 Rioja, La;Total;Con hijos;Tiene intención de tener hijos;7.371
17 Rioja, La;Total;Con hijos;No tiene intención de tener hijos;37.182
17 Rioja, La;Sin pareja;Total;Total;22.462
17 Rioja, La;Sin pareja;Total;Tiene intención de tener hijos;4.145
17 Rioja, La;Sin pareja;Total;No tiene intención de tener hijos;18.317
17 Rioja, La;Sin pareja;Sin hijos;Total;17.964
17 Rioja, La;Sin pareja;Sin hijos;Tiene intención de tener hijos;3.368
17 Rioja, La;Sin pareja;Sin hijos;No tiene intención de tener hijos;14.596
17 Rioja, La;Sin pareja;Con hijos;Total;4.498
17 Rioja, La;Sin pareja;Con hijos;Tiene intención de tener hijos;776
17 Rioja, La;Sin pareja;Con hijos;No tiene intención de tener hijos;3.721
17 Rioja, La;Pareja con la que convive;Total;Total;46.001
17 Rioja, La;Pareja con la que convive;Total;Tiene intención de tener hijos;9.267
17 Rioja, La;Pareja con la que convive;Total;No tiene intención de tener hijos;36.735
17 Rioja, La;Pareja con la que convive;Sin hijos;Total;7.630
17 Rioja, La;Pareja con la que convive;Sin hijos;Tiene intención de tener hijos;3.146
17 Rioja, La;Pareja con la que convive;Sin hijos;No tiene intención de tener hijos;4.484
17 Rioja, La;Pareja con la que convive;Con hijos;Total;38.371
17 Rioja, La;Pareja con la que convive;Con hijos;Tiene intención de tener hijos;6.121
17 Rioja, La;Pareja con la que convive;Con hijos;No tiene intención de tener hijos;32.251
17 Rioja, La;Pareja con la que no convive;Total;Total;8.276
17 Rioja, La;Pareja con la que no convive;Total;Tiene intención de tener hijos;2.699
17 Rioja, La;Pareja con la que no convive;Total;No tiene intención de tener hijos;5.577
17 Rioja, La;Pareja con la que no convive;Sin hijos;Total;6.592
17 Rioja, La;Pareja con la que no convive;Sin hijos;Tiene intención de tener hijos;2.225
17 Rioja, La;Pareja con la que no convive;Sin hijos;No tiene intención de tener hijos;4.367
17 Rioja, La;Pareja con la que no convive;Con hijos;Total;1.684
17 Rioja, La;Pareja con la que no convive;Con hijos;Tiene intención de tener hijos;474
17 Rioja, La;Pareja con la que no convive;Con hijos;No tiene intención de tener hijos;1.210
18 Ceuta;Total;Total;Total;21.832
18 Ceuta;Total;Total;Tiene intención de tener hijos;3.665
18 Ceuta;Total;Total;No tiene intención de tener hijos;18.167
18 Ceuta;Total;Sin hijos;Total;8.399
18 Ceuta;Total;Sin hijos;Tiene intención de tener hijos;1.932
18 Ceuta;Total;Sin hijos;No tiene intención de tener hijos;6.467
18 Ceuta;Total;Con hijos;Total;13.433
18 Ceuta;Total;Con hijos;Tiene intención de tener hijos;1.733
18 Ceuta;Total;Con hijos;No tiene intención de tener hijos;11.700
18 Ceuta;Sin pareja;Total;Total;6.351
18 Ceuta;Sin pareja;Total;Tiene intención de tener hijos;790
18 Ceuta;Sin pareja;Total;No tiene intención de tener hijos;5.560
18 Ceuta;Sin pareja;Sin hijos;Total;4.468
18 Ceuta;Sin pareja;Sin hijos;Tiene intención de tener hijos;670
18 Ceuta;Sin pareja;Sin hijos;No tiene intención de tener hijos;3.799
18 Ceuta;Sin pareja;Con hijos;Total;1.882
18 Ceuta;Sin pareja;Con hijos;Tiene intención de tener hijos;.
18 Ceuta;Sin pareja;Con hijos;No tiene intención de tener hijos;1.762
18 Ceuta;Pareja con la que convive;Total;Total;11.368
18 Ceuta;Pareja con la que convive;Total;Tiene intención de tener hijos;2.086
18 Ceuta;Pareja con la que convive;Total;No tiene intención de tener hijos;9.282
18 Ceuta;Pareja con la que convive;Sin hijos;Total;1.259
18 Ceuta;Pareja con la que convive;Sin hijos;Tiene intención de tener hijos;719
18 Ceuta;Pareja con la que convive;Sin hijos;No tiene intención de tener hijos;541
18 Ceuta;Pareja con la que convive;Con hijos;Total;10.109
18 Ceuta;Pareja con la que convive;Con hijos;Tiene intención de tener hijos;1.368
18 Ceuta;Pareja con la que convive;Con hijos;No tiene intención de tener hijos;8.742
18 Ceuta;Pareja con la que no convive;Total;Total;4.113
18 Ceuta;Pareja con la que no convive;Total;Tiene intención de tener hijos;789
18 Ceuta;Pareja con la que no convive;Total;No tiene intención de tener hijos;3.324
18 Ceuta;Pareja con la que no convive;Sin hijos;Total;2.672
18 Ceuta;Pareja con la que no convive;Sin hijos;Tiene intención de tener hijos;544
18 Ceuta;Pareja con la que no convive;Sin hijos;No tiene intención de tener hijos;2.128
18 Ceuta;Pareja con la que no convive;Con hijos;Total;1.441
18 Ceuta;Pareja con la que no convive;Con hijos;Tiene intención de tener hijos;.
18 Ceuta;Pareja con la que no convive;Con hijos;No tiene intención de tener hijos;1.196
19 Melilla;Total;Total;Total;21.543
19 Melilla;Total;Total;Tiene intención de tener hijos;4.464
19 Melilla;Total;Total;No tiene intención de tener hijos;17.079
19 Melilla;Total;Sin hijos;Total;7.591
19 Melilla;Total;Sin hijos;Tiene intención de tener hijos;2.579
19 Melilla;Total;Sin hijos;No tiene intención de tener hijos;5.013
19 Melilla;Total;Con hijos;Total;13.952
19 Melilla;Total;Con hijos;Tiene intención de tener hijos;1.885
19 Melilla;Total;Con hijos;No tiene intención de tener hijos;12.067
19 Melilla;Sin pareja;Total;Total;4.951
19 Melilla;Sin pareja;Total;Tiene intención de tener hijos;1.376
19 Melilla;Sin pareja;Total;No tiene intención de tener hijos;3.575
19 Melilla;Sin pareja;Sin hijos;Total;3.197
19 Melilla;Sin pareja;Sin hijos;Tiene intención de tener hijos;997
19 Melilla;Sin pareja;Sin hijos;No tiene intención de tener hijos;2.200
19 Melilla;Sin pareja;Con hijos;Total;1.754
19 Melilla;Sin pareja;Con hijos;Tiene intención de tener hijos;.
19 Melilla;Sin pareja;Con hijos;No tiene intención de tener hijos;1.375
19 Melilla;Pareja con la que convive;Total;Total;12.791
19 Melilla;Pareja con la que convive;Total;Tiene intención de tener hijos;2.003
19 Melilla;Pareja con la que convive;Total;No tiene intención de tener hijos;10.788
19 Melilla;Pareja con la que convive;Sin hijos;Total;1.635
19 Melilla;Pareja con la que convive;Sin hijos;Tiene intención de tener hijos;638
19 Melilla;Pareja con la que convive;Sin hijos;No tiene intención de tener hijos;998
19 Melilla;Pareja con la que convive;Con hijos;Total;11.156
19 Melilla;Pareja con la que convive;Con hijos;Tiene intención de tener hijos;1.366
19 Melilla;Pareja con la que convive;Con hijos;No tiene intención de tener hijos;9.790
19 Melilla;Pareja con la que no convive;Total;Total;3.801
19 Melilla;Pareja con la que no convive;Total;Tiene intención de tener hijos;1.084
19 Melilla;Pareja con la que no convive;Total;No tiene intención de tener hijos;2.716
19 Melilla;Pareja con la que no convive;Sin hijos;Total;2.759
19 Melilla;Pareja con la que no convive;Sin hijos;Tiene intención de tener hijos;944
19 Melilla;Pareja con la que no convive;Sin hijos;No tiene intención de tener hijos;1.815
19 Melilla;Pareja con la que no convive;Con hijos;Total;1.042
19 Melilla;Pareja con la que no convive;Con hijos;Tiene intención de tener hijos;.
19 Melilla;Pareja con la que no convive;Con hijos;No tiene intención de tener hijos;902